Lake,Year,Manual_Chl,DOYtrunc
R,1984,4.48,156
R,1984,5.56,163
R,1984,2.07,170
R,1984,1.32,177
R,1984,2.06,184
R,1984,1.33,191
R,1984,1.23,198
R,1984,0.61,205
R,1984,1.15,212
R,1984,2.27,219
R,1984,3.09,226
R,1984,2.52,233
R,1985,0.51,141
R,1985,1.72,148
R,1985,0.64,155
R,1985,1.1,162
R,1985,1.65,169
R,1985,1.1,176
R,1985,0.43,183
R,1985,1.7,190
R,1985,1.2,197
R,1985,2.14,204
R,1985,5.99,211
R,1985,3.32,218
R,1985,5.56,225
R,1985,4.67,232
R,1985,3.12,239
R,1985,3.39,246
R,1985,8.14,260
R,1986,2.49,147
R,1986,2.53,154
R,1986,2.83,161
R,1986,3.24,168
R,1986,4.3,175
R,1986,3.12,182
R,1986,4.04,189
R,1986,4.3,196
R,1986,4.17,203
R,1986,2.33,210
R,1986,3.62,217
R,1986,3.72,224
R,1986,3.85,231
R,1986,7.24,238
R,1986,6.39,245
R,1987,3.0322,146
R,1987,2.9624,153
R,1987,3.3116,160
R,1987,0.8905,167
R,1987,1.4143,174
R,1987,1.1931,181
R,1987,1.2571,188
R,1987,1.9206,195
R,1987,1.519,202
R,1987,1.1524,209
R,1987,1.0825,216
R,1987,0.9778,223
R,1987,1.973,230
R,1987,1.5365,237
R,1987,0.7857,244
R,1987,1.2222,251
R,1988,1.72,145
R,1988,2.39,152
R,1988,1.07,159
R,1988,2.66,166
R,1988,1.2,173
R,1988,1.86,180
R,1988,2.66,187
R,1988,3.67,194
R,1988,2.94,201
R,1988,2.76,208
R,1988,3.1,215
R,1988,2.65,222
R,1988,2.57,229
R,1988,3.45,236
R,1988,4.33,243
R,1988,5.43,249
R,1989,10.09,143
R,1989,2.68,150
R,1989,3.31,157
R,1989,9.03,164
R,1989,4.42,171
R,1989,3.43,178
R,1989,3.22,185
R,1989,2.72,192
R,1989,1.89,199
R,1989,1.94,206
R,1989,2.64,213
R,1989,2.51,220
R,1989,3.65,227
R,1989,2.07,234
R,1989,2.76,241
R,1989,3.63,248
R,1990,1.42,142
R,1990,4.32,149
R,1990,6.39,156
R,1990,6.02,163
R,1990,6.05,170
R,1990,2.05,177
R,1990,2.62,184
R,1990,2.48,191
R,1990,2.78,198
R,1990,2.81,205
R,1990,4.43,212
R,1990,3.35,219
R,1990,3.18,226
R,1990,3.96,233
R,1990,3.93,239
R,1990,4.83,247
R,1990,7.87,253
R,1991,2.453,140
R,1991,1.746,148
R,1991,3.708,155
R,1991,2.759,162
R,1991,2.832,169
R,1991,3.405,176
R,1991,4.708,183
R,1991,2.804,190
R,1991,2.536,197
R,1991,2.592,204
R,1991,3.823,211
R,1991,2.273,218
R,1991,1.539,225
R,1991,2.612,232
R,1991,2.007,239
R,1991,2.554,246
R,1992,6.507,141
R,1992,4.646,148
R,1992,4.346,155
R,1992,3.668,162
R,1992,5.561,169
R,1992,4.434,176
R,1992,2.929,183
R,1992,6.267,190
R,1992,5.938,197
R,1992,3.683,204
R,1992,3.018,211
R,1992,5.883,218
R,1992,4.436,225
R,1992,3.249,232
R,1992,4.83,239
R,1992,6.056,246
R,1992,5.342,253
R,1998,4.642,146
R,1998,4.81,153
R,1998,4.483,160
R,1998,4.418,167
R,1998,2.993,174
R,1998,3.295,181
R,1998,5.281,188
R,1998,5.684,195
R,1998,2.518,202
R,1998,3.813,209
R,1998,5.789,216
R,1998,5.258,223
R,1998,5.957,230
R,1998,7.047,237
R,1998,5.313,242
R,1999,11.013,144
R,1999,8.594,151
R,1999,7.009,158
R,1999,7.342,165
R,1999,7.301,172
R,1999,7,179
R,1999,10.112,186
R,1999,9.545,193
R,1999,5.239,200
R,1999,5.774,207
R,1999,4.668,214
R,1999,7.075,221
R,1999,8.644,228
R,1999,10.613,235
R,1999,8.644,241
R,2001,4.14,149
R,2001,7.44,156
R,2001,4.72,163
R,2001,2.73,170
R,2001,1.46,177
R,2001,2.25,184
R,2001,2.36,191
R,2001,2.49,198
R,2001,2.03,205
R,2001,2.66,212
R,2001,2.24,219
R,2001,2.57,226
R,2001,3.08,233
R,2001,3.6,240
R,2003,3.33,147
R,2003,2.22,153
R,2003,2.1,160
R,2003,1.85,167
R,2003,3.73,174
R,2003,5.16,181
R,2003,4.71,188
R,2003,4.38,195
R,2003,5.2,202
R,2003,4.65,209
R,2003,7.18,216
R,2003,3.82,223
R,2003,4.09,230
R,2003,5.87,237
R,2004,4.51,147
R,2004,9.11,154
R,2004,2.1,167
R,2004,3.53,181
R,2004,2.51,195
R,2004,1.78,209
R,2004,2.24,223
R,2005,7.83,144
R,2005,3.56,152
R,2005,3.14,158
R,2005,3.8,165
R,2005,3.54,172
R,2005,4.1,179
R,2005,4.1,185
R,2005,2.28,193
R,2005,5.33,200
R,2005,7.64,207
R,2005,2.7,214
R,2005,3.97,221
R,2005,6.89,227
R,2005,8.04,235
R,2006,5.32,142
R,2006,5.32,149
R,2006,1.94,156
R,2006,2.04,163
R,2006,2.41,170
R,2006,2.79,177
R,2006,4.93,184
R,2006,3.38,191
R,2006,4.34,198
R,2006,3.75,205
R,2006,5.11,212
R,2006,4.8,219
R,2006,4.82,226
R,2006,6.71,233
R,2006,3.82,238
R,2007,5.53,144
R,2007,4.51,149
R,2007,3.34,156
R,2007,2.72,163
R,2007,5.19,170
R,2007,4.42,177
R,2007,5.95,184
R,2007,5.23,191
R,2007,4.41,198
R,2007,3.91,205
R,2007,4.84,212
R,2007,5.22,219
R,2007,5.94,226
R,2007,7.84,233
R,2007,6.73,240
R,2008,11.74799512,135
R,2008,13.64589417,140
R,2008,8.238819956,147
R,2008,4.791614153,154
R,2008,5.270775568,161
R,2008,5.850813071,168
R,2008,5.810462636,175
R,2008,6.13830992,182
R,2008,7.438934523,189
R,2008,7.078986078,196
R,2008,6.439077732,203
R,2008,6.899011856,210
R,2008,8.478785585,217
R,2008,7.558917338,224
R,2008,7.158974622,231
R,2009,4.857676846,138
R,2009,4.275160853,147
R,2009,3.621729869,152
R,2009,3.540684166,159
R,2009,2.973364242,166
R,2009,4.113069446,173
R,2009,8.684926971,180
R,2009,4.503101893,187
R,2009,1.512908821,194
R,2009,2.04640401,201
R,2009,3.297547056,208
R,2009,3.93578197,215
R,2009,3.576141661,222
R,2009,3.484965245,229
R,2009,6.377283784,236
R,2010,3.140521006,137
R,2010,1.352579223,144
R,2010,3.601468443,151
R,2010,6.823035152,158
R,2010,14.35962164,165
R,2010,11.34938934,172
R,2010,8.359496453,179
R,2010,5.364212492,186
R,2010,4.09280802,193
R,2010,3.77875592,200
R,2010,3.044279233,207
R,2010,3.788886632,214
R,2010,4.259964783,221
R,2010,4.872872915,228
R,2010,4.401794764,235
R,2011,7.638441849,136
R,2011,6.939147877,143
R,2011,7.351552014,150
R,2011,3.076285573,157
R,2011,2.208287984,164
R,2011,3.808126678,171
R,2011,2.752913922,178
R,2011,1.701956057,185
R,2011,2.131699962,192
R,2011,2.586973207,199
R,2011,2.663561229,206
R,2011,4.063420087,213
R,2011,6.562604969,221
R,2011,6.168131446,227
R,2011,4.667614487,234
R,2011,3.216696948,241
R,2012,4.885824181,142
R,2012,3.620874152,149
R,2012,1.734047265,156
R,2012,2.729247484,163
R,2012,2.993835885,170
R,2012,3.098946346,177
R,2012,1.738649678,184
R,2012,2.834357945,191
R,2012,2.439287592,198
R,2012,2.294307646,205
R,2012,2.653133012,212
R,2012,3.664368136,219
R,2012,3.570131171,226
R,2012,3.84196857,233
R,2012,3.080823853,240
R,2016,5.18089123,137
R,2016,2.854171979,144
R,2016,3.690078188,151
R,2016,5.767071028,158
R,2016,6.237342134,165
R,2016,5.571435338,172
R,2016,5.906343275,179
R,2016,2.416355306,186
R,2016,3.838532222,193
R,2016,2.682627115,200
R,2016,2.484627798,207
R,2016,2.18926518,214
R,2016,3.544260509,221
R,2016,2.336628308,228
R,2018,2.340254468,148
R,2018,3.964667917,155
R,2018,2.174482123,162
R,2018,4.789382094,169
R,2018,2.869261369,176
R,2018,3.349275349,183
R,2018,1.886681112,190
R,2018,2.820851697,197
R,2018,3.590351629,204
R,2018,3.857026062,211
R,2018,3.578881064,218
R,2018,1.923685025,225
R,2018,1.814358228,232
R,2021,6.77906819,144
R,2021,3.30039721,151
R,2021,1.912423961,158
R,2021,3.813974944,165
R,2021,4.751311722,172
R,2021,3.006611513,179
R,2021,1.468533759,186
R,2021,1.899182612,193
R,2021,2.257488486,200
R,2021,3.82337666,207
R,2021,7.004314657,214
R,2021,6.901362273,221
R,2021,3.284931028,228
R,2022,3.443884628,150
R,2022,5.80473458,157
R,2022,4.288996669,164
R,2022,3.120759834,171
R,2022,3.483452219,178
R,2022,5.578165414,186
R,2022,4.62625454,199
R,2022,4.478913136,206
R,2022,1.86490582,213
R,2022,2.737442523,220
R,2023,1.401214599,150
R,2023,1.292807784,157
R,2023,2.372838935,164
R,2023,1.609039182,171
R,2023,1.98566405,178
R,2023,2.683902978,186
R,2023,2.003911274,192
R,2023,2.179978152,199
R,2023,2.081313955,206
R,2023,2.163883992,213
R,2023,1.240057695,219
R,2011,7.65637,136
R,2011,5.40797,137
R,2011,8.75014,138
R,2011,7.58465,139
R,2011,6.11853,140
R,2011,8.26601,141
R,2011,5.97387,142
R,2011,7.06466,143
R,2011,6.84949,144
R,2011,4.86759,145
R,2011,4.42934,146
R,2011,3.53581,147
R,2011,4.71442,148
R,2011,4.24638,149
R,2011,8.75014,150
R,2011,5.06757,151
R,2011,5.08034,152
R,2011,3.7443,153
R,2011,4.11022,154
R,2011,2.51889,155
R,2011,2.12745,156
R,2011,2.55719,157
R,2011,2.02958,158
R,2011,1.73174,159
R,2011,2.58272,160
R,2011,2.72313,161
R,2011,2.45082,162
R,2011,2.22105,163
R,2011,1.90194,164
R,2011,2.42954,165
R,2011,2.32742,166
R,2011,3.80813,167
R,2011,2.1785,168
R,2011,1.99554,169
R,2011,3.76132,170
R,2011,3.28478,171
R,2011,3.12734,172
R,2011,3.13585,173
R,2011,3.76983,174
R,2011,2.79546,175
R,2011,1.89768,176
R,2011,1.63388,177
R,2011,2.88907,178
R,2011,3.0848,179
R,2011,2.07213,180
R,2011,2.79972,181
R,2011,2.05937,182
R,2011,1.66792,183
R,2011,1.519,184
R,2011,4.41232,185
R,2011,1.84237,186
R,2011,1.37413,187
R,2011,2.92311,188
R,2011,1.68919,189
R,2011,2.54868,190
R,2011,2.1785,191
R,2011,2.02107,192
R,2011,2.4338,193
R,2011,2.267856446,194
R,2011,3.055011123,195
R,2011,1.893426114,196
R,2011,1.829602761,197
R,2011,1.833857652,198
R,2011,2.655051449,199
R,2011,1.757269629,200
R,2011,2.79546,201
R,2011,1.84237,202
R,2011,1.70621,203
R,2011,3.03374,204
R,2011,2.23807,205
R,2011,2.69335,206
R,2011,2.42954,207
R,2011,3.10181,208
R,2011,2.56144,209
R,2011,2.65931,210
R,2011,2.88482,211
R,2011,3.06778,212
R,2011,3.81664,213
R,2011,5.55263,214
R,2011,5.02503,215
R,2011,4.96971,216
R,2011,4.58252,217
R,2011,4.47614,218
R,2011,5.02503,219
R,2011,5.32712,220
R,2011,5.83345,221
R,2011,7.20811,222
R,2011,6.93915,223
R,2011,6.41916,224
R,2011,6.50881,225
R,2011,6.52674,226
R,2011,6.11434,227
R,2011,5.39095,228
R,2011,4.44636,229
R,2011,4.49316,230
R,2011,4.40381,231
R,2011,4.62507,232
R,2011,4.59954,233
R,2011,4.36977,234
R,2011,3.91875,235
R,2011,3.47625,236
R,2011,3.04225,237
R,2011,3.02097,238
R,2011,2.63378,239
R,2011,2.9614,240
R,2011,2.47635,241
R,2011,2.2168,242
R,2011,2.82099,243
R,2011,3.17415,244
R,2011,3.39966,245
R,2011,2.7444,246
R,2018,1.217370408,148
R,2018,1.78739916,149
R,2018,1.82245891,150
R,2018,3.140861017,151
R,2018,3.868237405,152
R,2018,1.531288016,153
R,2018,2.974699839,154
R,2018,4.301073017,155
R,2018,2.372592388,156
R,2018,3.233727229,157
R,2018,2.362093905,158
R,2018,2.296316372,159
R,2018,2.720338441,160
R,2018,2.470643036,161
R,2018,2.023291004,162
R,2018,2.611400477,163
R,2018,2.826036133,164
R,2018,2.40220848,165
R,2018,3.790989307,166
R,2018,2.885657148,167
R,2018,3.992534262,168
R,2018,4.191940636,169
R,2018,4.573255913,170
R,2018,3.5460247,171
R,2018,2.773867744,172
R,2018,2.215568779,173
R,2018,2.179212921,174
R,2018,2.196515976,175
R,2018,2.01622721,176
R,2018,2.109352644,177
R,2018,1.851815779,178
R,2018,1.967623121,179
R,2018,1.601861152,180
R,2018,3.758262554,181
R,2018,1.357739016,182
R,2018,2.467921207,183
R,2018,2.265728199,184
R,2018,2.189452182,185
R,2018,3.280775987,186
R,2018,2.446016965,187
R,2018,3.04008854,188
R,2018,2.652163106,189
R,2018,2.275189794,190
R,2018,2.128599863,191
R,2018,2.295862734,192
R,2018,2.554566096,193
R,2018,2.815732066,194
R,2018,3.529888143,195
R,2018,2.26086779,196
R,2018,3.024340815,197
R,2018,2.713922702,198
R,2018,2.519311931,199
R,2018,2.532726659,200
R,2018,3.126344596,201
R,2018,3.851193572,202
R,2018,3.868691044,203
R,2018,3.429374887,204
R,2018,3.16146915,205
R,2018,3.043523229,206
R,2018,4.178525908,207
R,2018,4.502358749,208
R,2018,3.187844969,209
R,2018,3.676348463,210
R,2018,2.577701642,211
R,2018,2.618723493,212
R,2018,3.160367458,213
R,2018,3.935440659,214
R,2018,3.883725908,215
R,2018,3.342859609,216
R,2018,2.91170894,217
R,2018,3.643427294,218
R,2018,2.556575065,219
R,2018,2.711395289,220
R,2018,2.671604742,221
R,2018,2.105399511,222
R,2018,1.932887399,223
R,2018,1.372709076,224
R,2018,1.625579948,225
R,2018,1.907354051,226
R,2018,1.834123891,227
R,2018,2.570637848,228
R,2018,1.735230772,229
R,2018,2.073709645,230
R,2018,2.20500549,231
R,2015,2.279210064,145
R,2015,1.874000047,146
R,2015,2.623054387,147
R,2015,1.7566793,148
R,2015,1.811106329,149
R,2015,1.984866185,150
R,2015,1.629057299,151
R,2015,1.438640896,152
R,2015,1.262456847,153
R,2015,2.205509141,154
R,2015,2.652264342,155
R,2015,3.246634093,156
R,2015,3.697139754,157
R,2015,4.140278217,158
R,2015,5.381081552,159
R,2015,4.031901176,160
R,2015,4.99395601,161
R,2015,5.214516074,162
R,2015,3.746941268,163
R,2015,5.401709865,164
R,2015,6.474602686,165
R,2015,6.912570581,166
R,2015,6.468605547,167
R,2015,9.624278467,168
R,2015,8.855262074,169
R,2015,9.834870407,170
R,2015,12.59328857,171
R,2015,12.56239967,172
R,2015,18.46241479,173
R,2015,14.43942839,174
R,2015,23.32769076,175
R,2015,35.18164679,176
R,2015,31.67316863,177
R,2015,34.34220448,178
R,2015,40.15049129,179
R,2015,32.05914855,180
R,2015,26.12211209,181
R,2015,17.86350789,182
R,2015,22.04095289,183
R,2015,14.27223731,184
R,2015,13.30600114,185
R,2015,11.42521883,186
R,2015,12.56138307,187
R,2015,10.68771694,188
R,2015,10.59472022,189
R,2015,9.907949643,190
R,2015,9.256944501,191
R,2015,8.283954213,192
R,2015,8.337970694,193
R,2015,5.644380128,194
R,2015,8.292849435,195
R,2015,8.662030479,196
R,2015,8.646546928,197
R,2015,9.062647825,198
R,2015,8.518377529,199
R,2015,7.807619955,200
R,2015,8.007576729,201
R,2015,7.863141781,202
R,2015,7.691493318,203
R,2015,8.515607694,204
R,2015,7.290093975,205
R,2015,5.794836457,206
R,2015,5.364112205,207
R,2015,4.256652747,208
R,2015,3.86142571,209
R,2015,3.276256942,210
R,2015,3.19055001,211
R,2015,3.566456234,212
R,2015,3.549174088,213
R,2015,4.470746472,214
R,2015,5.168604997,215
R,2015,6.482912192,216
R,2015,7.040167557,217
R,2015,6.346926728,218
R,2015,5.458733909,219
R,2015,6.498086855,220
R,2015,4.909224229,221
R,2015,4.17955248,222
R,2015,3.732809009,223
R,2015,4.156004188,224
R,2015,3.271393699,225
R,2015,3.240050456,226
R,2015,2.815034786,227
R,2015,3.283138521,228
R,2015,3.507571818,229
R,2015,2.519624263,230
R,2015,3.163336496,231
R,2015,3.198291786,232
R,2015,2.513105532,233
R,2015,2.938043001,234
R,2015,2.952431756,235
R,2015,2.958374937,236
R,2015,2.66692445,237
R,2015,3.203061971,238
R,2015,3.623854854,239
R,2015,3.127912007,240
R,2015,2.652613895,241
R,2015,3.012098169,242
R,2015,2.449372731,243
R,2015,2.392834308,244
R,2015,2.462823089,245
R,2015,2.550719614,246
R,2013,3.783278354,147
R,2013,4.210543146,148
R,2013,3.934892148,149
R,2013,3.796434685,150
R,2013,3.505616562,151
R,2013,5.410756778,152
R,2013,4.752423141,153
R,2013,5.898230459,154
R,2013,3.920414438,155
R,2013,5.303552784,156
R,2013,3.943452381,157
R,2013,3.844980974,158
R,2013,4.518079577,159
R,2013,4.036638275,160
R,2013,3.666824712,161
R,2013,3.998605561,162
R,2013,3.197333266,163
R,2013,2.519523662,164
R,2013,2.097084773,165
R,2013,2.521994065,166
R,2013,1.77731123,167
R,2013,1.339647765,168
R,2013,1.401695093,169
R,2013,2.056524205,170
R,2013,2.314365322,171
R,2013,3.001539476,172
R,2013,2.637126329,173
R,2013,2.333554033,174
R,2013,2.186134178,175
R,2013,2.385547395,176
R,2013,2.663209187,177
R,2013,2.797759966,178
R,2013,4.010785222,179
R,2013,4.278048341,180
R,2013,3.293966233,181
R,2013,3.876521699,182
R,2013,3.617818813,183
R,2013,3.434549392,184
R,2013,2.986487254,185
R,2013,2.696760705,186
R,2013,2.446330796,187
R,2013,1.986261351,188
R,2013,3.519289955,189
R,2013,3.127989632,190
R,2013,4.570762354,191
R,2013,4.140912256,192
R,2013,4.048243423,193
R,2013,4.420240133,194
R,2013,3.433285465,195
R,2013,2.681651031,196
R,2013,3.499469281,197
R,2013,2.892554494,198
R,2013,3.301894503,199
R,2013,3.640052439,200
R,2013,2.828438922,201
R,2013,3.402951215,202
R,2013,3.231746552,203
R,2013,3.734100101,204
R,2013,3.229276149,205
R,2013,3.900651215,206
R,2013,4.102477384,207
R,2013,5.148606819,208
R,2013,5.378067028,209
R,2013,4.284770134,210
R,2013,9.77159234,211
R,2013,2.698369339,212
R,2013,4.73926681,213
R,2013,5.026925115,214
R,2013,5.092821675,215
R,2013,3.504065379,216
R,2013,9.541844874,217
R,2013,6.773442486,218
R,2013,8.98973856,219
R,2013,5.423396048,220
R,2013,4.866348929,221
R,2013,3.016649149,222
R,2013,5.600460737,223
R,2013,3.382900736,224
R,2013,3.159645259,225
R,2013,2.541814739,226
R,2013,2.962587543,227
R,2013,4.309646517,228
R,2013,5.700885486,229
R,2013,3.341995461,230
R,2013,5.805906333,231
R,2013,5.106092909,232
R,2013,4.146312672,233
R,2013,2.626670205,234
R,2013,1.953916309,235
R,2013,1.630925498,236
R,2013,2.449375711,237
R,2013,2.688257923,238
R,2013,4.541462227,239
R,2013,4.09156165,240
R,2013,4.064617024,241
R,2013,6.375937431,242
R,2013,4.493030841,243
R,2013,4.405934777,244
R,2014,2.508177044,146
R,2014,2.864949178,147
R,2014,2.983873223,148
R,2014,0.771730873,149
R,2014,1.478105228,150
R,2014,1.285241451,151
R,2014,1.32048778,152
R,2014,1.935014855,153
R,2014,2.327291849,154
R,2014,2.710434097,155
R,2014,8.006862929,156
R,2014,4.892000903,157
R,2014,4.523767248,158
R,2014,5.170696816,159
R,2014,6.811503926,160
R,2014,2.576342928,161
R,2014,6.688874277,162
R,2014,6.277466024,163
R,2014,5.10141192,164
R,2014,7.44141314,165
R,2014,8.726021003,166
R,2014,8.835323174,167
R,2014,7.941889792,168
R,2014,6.700291454,169
R,2014,5.461802195,170
R,2014,5.373126223,171
R,2014,5.493946158,172
R,2014,4.871835521,173
R,2014,5.860800983,174
R,2014,3.621668045,175
R,2014,4.42733536,176
R,2014,4.32685316,177
R,2014,13.04071092,178
R,2014,4.37054482,179
R,2014,4.203792627,180
R,2014,3.068498884,181
R,2014,2.59866273,182
R,2014,2.662347418,183
R,2014,2.49464728,184
R,2014,2.514898838,185
R,2014,4.562374474,186
R,2014,7.007297715,187
R,2014,3.980853131,188
R,2014,7.312363743,189
R,2014,6.839425223,190
R,2014,7.102954012,191
R,2014,9.273231651,192
R,2014,5.557717023,193
R,2014,3.609172403,194
R,2014,9.270215462,195
R,2014,5.975933246,196
R,2014,4.13760881,197
R,2014,2.48180693,198
R,2014,4.80142904,199
R,2014,4.168373944,200
R,2014,3.612705654,201
R,2014,2.681909562,202
R,2014,3.01618954,203
R,2014,3.536008263,204
R,2014,3.045231136,205
R,2014,4.648896026,206
R,2014,3.977578411,207
R,2014,5.792462746,208
R,2014,5.719298605,209
R,2014,5.594083651,210
R,2014,5.678019897,211
R,2014,7.484114193,212
R,2014,8.708428616,213
R,2014,6.932496215,214
R,2014,7.04840407,215
R,2014,8.154570039,216
R,2014,6.050820924,217
R,2014,7.777373993,218
R,2014,10.80218122,219
R,2014,12.66653106,220
R,2014,7.075808306,221
R,2014,5.092879126,222
R,2014,11.13106049,223
R,2014,10.30003047,224
R,2014,10.47453686,225
R,2014,8.668873444,226
R,2014,7.879665907,227
R,2014,6.340978358,228
R,2014,5.360458227,229
R,2014,5.675693122,230
R,2014,8.136987378,231
R,2014,5.07314032,232
R,2014,8.714805702,233
R,2014,13.34181281,234
R,2014,5.428796464,235
R,2014,7.134494737,236
R,2014,6.942665082,237
R,2014,7.427065122,238
R,2014,7.010486259,239
R,2014,7.920255201,240
R,2014,6.706454353,241
R,2019,2.922053034,133
R,2019,2.410240274,134
R,2019,2.232559002,135
R,2019,2.205212851,136
R,2019,2.354173794,137
R,2019,3.68582141,138
R,2019,5.650278199,139
R,2019,3.792869911,140
R,2019,3.132302335,141
R,2019,3.504155021,142
R,2019,3.545998754,143
R,2019,4.233500228,144
R,2019,2.47997983,145
R,2019,2.007399864,146
R,2019,2.436899336,147
R,2019,3.568466572,148
R,2019,2.408659969,149
R,2019,1.835435175,150
R,2019,1.862698875,151
R,2019,1.88722796,152
R,2019,2.089575735,153
R,2019,2.43408227,154
R,2019,1.98857362,155
R,2019,4.552103499,156
R,2019,3.789984136,157
R,2019,3.177581515,158
R,2019,3.050676136,159
R,2019,2.488774572,160
R,2019,4.37545286,161
R,2019,4.252532599,162
R,2019,4.904442851,163
R,2019,4.071484589,164
R,2019,4.918390762,165
R,2019,5.262622461,166
R,2019,8.257850497,167
R,2019,4.662106483,168
R,2019,6.979246167,169
R,2019,5.391108145,170
R,2019,7.391568408,171
R,2019,7.694643463,172
R,2019,9.643640744,173
R,2019,7.765894615,174
R,2019,6.470113056,175
R,2019,4.430763542,176
R,2019,5.320612791,177
R,2019,6.061844641,178
R,2019,7.433893104,179
R,2019,5.431783827,180
R,2019,5.722697402,181
R,2019,7.383666882,182
R,2019,4.060353744,183
R,2019,2.98217334,184
R,2019,3.287309663,185
R,2019,3.718183313,186
R,2019,2.700947723,187
R,2019,2.974615359,188
R,2019,2.9395051,189
R,2019,3.104406513,190
R,2019,3.508895936,191
R,2019,3.359247904,192
R,2019,3.724023571,193
R,2019,4.395103612,194
R,2019,4.366795536,195
R,2019,5.074566141,196
R,2019,6.451011975,197
R,2019,7.651837805,198
R,2019,10.98806822,199
R,2019,11.16787947,200
R,2019,15.11094708,201
R,2019,15.97509919,202
R,2019,16.608939,203
R,2019,18.51327548,204
R,2019,22.94053487,205
R,2019,32.84410146,206
R,2019,37.23824315,207
R,2019,41.39760645,208
R,2019,49.03377862,209
R,2019,43.77335485,210
R,2019,33.78335243,211
R,2019,35.26080038,212
R,2019,30.19207449,213
R,2019,28.67649309,214
R,2019,25.77223567,215
R,2019,23.80997757,216
R,2019,23.35629256,217
R,2019,27.96563059,218
R,2019,27.45374912,219
R,2019,30.20870205,220
R,2019,28.95057298,221
R,2019,28.44844818,222
R,2019,14.78780902,223
R,2019,9.015366361,224
R,2019,5.210128844,225
R,2019,2.731248357,226
R,2019,4.404997697,227
R,2019,7.273045518,228
R,2019,7.928803469,229
R,2019,4.851399563,230
R,2019,3.989102592,231
R,2019,2.506364056,232
R,2019,2.438204805,233
R,2019,4.315332554,234
R,2019,4.363085254,235
R,2019,5.979874897,236
R,2019,7.205435939,237
R,2019,9.905146901,238
R,2019,13.76329029,239
R,2019,16.97048535,240
R,2019,13.56217927,241
R,2019,16.91345694,242
R,2019,17.90444572,243
R,2019,15.23359251,244
R,2019,15.85746952,245
R,2019,14.42907974,246
R,2019,15.08380706,247
R,2019,14.18055957,248
L,2023,2.951421284,141
L ,2023,2.02070518,150
T,2023,3.451578247,150
L,2023,1.85981741,157
T,2023,2.592343895,157
L,2023,2.356314162,164
T,2023,5.095873866,164
L,2023,2.252267304,171
T,2023,3.167104555,171
L,2023,2.190743476,178
T,2023,1.592245277,178
L,2023,2.726156875,186
T,2023,6.137418983,186
L,2023,3.367178105,192
T,2023,5.005929582,192
L,2023,3.244130449,199
T,2023,5.176667624,199
L,2023,2.725295649,206
T,2023,4.640931265,206
L,2023,2.950721538,213
T,2023,5.033273506,213
L,2023,2.0753392,219
T,2023,3.683248024,219
L,2022,2.544779104,151
T,2022,3.552341681,153
L,2022,4.50008494,158
T,2022,4.214157929,159
L,2022,3.594640075,165
T,2022,7.065985969,166
L,2022,3.513981243,172
T,2022,5.513101948,173
L,2022,2.534555994,178
T,2022,5.104318904,179
L,2022,3.899849217,186
T,2022,7.251988882,187
L,2022,5.722022083,193
T,2022,5.136497893,194
L,2022,4.536399967,200
T,2022,6.219199562,201
L,2022,5.77197211,207
T,2022,6.656271725,208
L,2022,3.931752614,214
T,2022,4.445487163,215
T,2022,5.615910794,219
L,2022,4.81364295,220
L,2021,1.87998445,145
T,2021,8.929979966,146
L,2021,1.289721724,151
T,2021,4.2480687,153
L,2021,1.823932996,159
T,2021,4.050381463,160
L,2021,2.412903883,166
T,2021,3.999963862,167
L,2021,2.89472391,173
T,2021,5.828059449,174
L,2021,4.765629604,180
T,2021,5.981250013,181
L,2021,2.813194521,187
T,2021,5.053637911,188
L,2021,2.564228457,194
T,2021,3.733737394,195
L,2021,4.126097577,201
T,2021,3.953637083,202
L,2021,2.877068778,208
T,2021,5.138361012,209
L,2021,3.525141295,215
T,2021,8.128645117,216
L,2021,3.807408096,222
T,2021,9.981142106,223
L,2021,2.710062715,228
T,2021,11.80712051,228
L,2019,NA,131
L,2019,NA,132
L,2019,2.434563232,133
L,2019,2.634918449,134
L,2019,1.968716741,135
L,2019,1.92865944,136
L,2019,1.808693662,137
L,2019,2.14344353,138
L,2019,2.936825452,139
L,2019,2.092049256,140
L,2019,1.869638476,141
L,2019,2.209541513,142
L,2019,1.99874254,143
L,2019,2.224520058,144
L,2019,1.596864056,145
L,2019,2.409759312,146
L,2019,2.256950669,147
L,2019,2.639040984,148
L,2019,1.790142253,149
L,2019,1.601185847,150
L,2019,1.839681386,151
L,2019,1.844834555,152
L,2019,2.100019491,153
L,2019,1.67752833,154
L,2019,1.941576717,155
L,2019,2.806141082,156
L,2019,1.805601761,157
L,2019,1.872867795,158
L,2019,1.595489877,159
L,2019,1.400837501,160
L,2019,1.816320352,161
L,2019,2.253652641,162
L,2019,3.298371799,163
L,2019,1.842979414,164
L,2019,2.782573922,165
L,2019,1.717929176,166
L,2019,1.713806641,167
L,2019,1.894442397,168
L,2019,2.894844301,169
L,2019,1.707004458,170
L,2019,1.873554884,171
L,2019,2.73488993,172
L,2019,2.232078039,173
L,2019,2.109501322,174
L,2019,2.922808832,175
L,2019,2.807240425,176
L,2019,3.846737706,177
L,2019,5.822668884,178
L,2019,3.386456637,179
L,2019,13.14463515,180
L,2019,4.244287528,181
L,2019,5.862932312,182
L,2019,3.109284846,183
L,2019,4.227247716,184
L,2019,6.312907042,185
L,2019,3.839523269,186
L,2019,4.493288661,187
L,2019,4.866515526,188
L,2019,3.732268642,189
L,2019,4.287299313,190
L,2019,6.937058889,191
L,2019,3.583926079,192
L,2019,4.712538832,193
L,2019,4.930139987,194
L,2019,4.833878788,195
L,2019,8.588958792,196
L,2019,4.029915692,197
L,2019,3.510338824,198
L,2019,4.140399638,199
L,2019,2.981761087,200
L,2019,4.255280956,201
L,2019,3.313075509,202
L,2019,3.543250397,203
L,2019,3.99940893,204
L,2019,4.441207299,205
L,2019,4.41179988,206
L,2019,4.781041627,207
L,2019,4.24992166,208
L,2019,4.997337313,209
L,2019,5.220710018,210
L,2019,5.424775517,211
L,2019,5.161001965,212
L,2019,5.106103537,213
L,2019,4.698247376,214
L,2019,5.246888118,215
L,2019,4.929178063,216
L,2019,4.478653661,217
L,2019,5.517876106,218
L,2019,5.782268038,219
L,2019,6.002686259,220
L,2019,6.637625407,221
L,2019,6.651229774,222
L,2019,7.543827379,223
L,2019,6.518758972,224
L,2019,8.279562516,225
L,2019,7.018891215,226
L,2019,7.411700122,227
L,2019,7.732845624,228
L,2019,7.96315793,229
L,2019,7.670045669,230
L,2019,7.678702993,231
L,2019,6.972787529,232
L,2019,5.919685882,233
L,2019,6.470044347,234
L,2019,5.256850911,235
L,2019,6.130622272,236
L,2019,4.531903076,237
L,2019,4.156683653,238
L,2019,4.946011748,239
L,2019,4.886441113,240
L,2019,4.326532108,241
L,2019,3.818498339,242
L,2019,3.769577586,243
L,2019,3.973711794,244
L,2019,4.522008991,245
L,2019,4.695224183,246
L,2019,5.512860355,247
L,2019,4.653655285,248
L,2018,NA,138
L,2018,NA,139
L,2018,NA,140
L,2018,NA,141
L,2018,NA,142
L,2018,NA,143
L,2018,NA,144
L,2018,NA,145
L,2018,NA,146
L,2018,NA,147
L,2018,1.488775639,148
L,2018,2.047269021,149
L,2018,2.234491971,150
L,2018,2.846320239,151
L,2018,2.787412084,152
L,2018,1.847409009,153
L,2018,2.612113337,154
L,2018,2.709127098,155
L,2018,2.479845411,156
L,2018,2.446989047,157
L,2018,1.75719982,158
L,2018,1.763485949,159
L,2018,1.816820835,160
L,2018,2.034761569,161
L,2018,1.530445545,162
L,2018,1.915325122,163
L,2018,1.639966758,164
L,2018,1.637957789,165
L,2018,2.305777968,166
L,2018,1.669647655,167
L,2018,1.946431739,168
L,2018,2.431565349,169
L,2018,2.053943983,170
L,2018,2.399227429,171
L,2018,2.173056403,172
L,2018,2.239157963,173
L,2018,2.416271263,174
L,2018,2.147717471,175
L,2018,1.916880453,176
L,2018,1.845270429,177
L,2018,1.745599644,178
L,2018,1.972742752,179
L,2018,1.643401447,180
L,2018,2.127692587,181
L,2018,2.065544159,182
L,2018,2.674391376,183
L,2018,2.639655654,184
L,2018,2.482826461,185
L,2018,3.148961698,186
L,2018,2.951434682,187
L,2018,3.146693507,188
L,2018,2.886953257,189
L,2018,2.368444839,190
L,2018,2.432991069,191
L,2018,2.535902126,192
L,2018,2.925253279,193
L,2018,3.151553916,194
L,2018,1.970020923,195
L,2018,2.727078208,196
L,2018,2.811649323,197
L,2018,3.756577612,198
L,2018,3.120188078,199
L,2018,3.263084099,200
L,2018,3.354848618,201
L,2018,4.12648713,202
L,2018,3.92202593,203
L,2018,3.544080537,204
L,2018,3.230033318,205
L,2018,4.178720324,206
L,2018,3.549977833,207
L,2018,3.90906484,208
L,2018,2.9611555,209
L,2018,3.9478185,210
L,2018,2.783588562,211
L,2018,2.625528066,212
L,2018,3.976138482,213
L,2018,4.297249495,214
L,2018,4.600603814,215
L,2018,3.503058686,216
L,2018,3.224330438,217
L,2018,5.586359538,218
L,2018,3.567280888,219
L,2018,3.275915578,220
L,2018,2.962127581,221
L,2018,2.009163416,222
L,2018,1.961855436,223
L,2018,1.766337389,224
L,2018,2.172797181,225
L,2018,1.765624529,226
L,2018,1.705549875,227
L,2018,3.262176822,228
L,2018,1.833151809,229
L,2018,2.27097744,230
L,2018,2.654042464,231
L,2018,NA,232
L,2018,NA,233
L,2018,NA,234
L,2016,NA,141
L,2016,NA,142
L,2016,NA,143
L,2016,NA,144
L,2016,NA,145
L,2016,NA,146
L,2016,NA,147
L,2016,NA,148
L,2016,NA,149
L,2016,NA,150
L,2016,NA,151
L,2016,NA,152
L,2016,NA,153
L,2016,NA,154
L,2016,NA,155
L,2016,NA,156
L,2016,NA,157
L,2016,NA,158
L,2016,NA,159
L,2016,NA,160
L,2016,NA,161
L,2016,NA,162
L,2016,NA,163
L,2016,NA,164
L,2016,NA,165
L,2016,NA,166
L,2016,NA,167
L,2016,NA,168
L,2016,NA,169
L,2016,NA,170
L,2016,NA,171
L,2016,NA,172
L,2016,NA,173
L,2016,NA,174
L,2016,NA,175
L,2016,NA,176
L,2016,NA,177
L,2016,NA,178
L,2016,NA,179
L,2016,NA,180
L,2016,NA,181
L,2016,NA,182
L,2016,NA,183
L,2016,NA,184
L,2016,NA,185
L,2016,NA,186
L,2016,NA,187
L,2016,NA,188
L,2016,NA,189
L,2016,NA,190
L,2016,NA,191
L,2016,NA,192
L,2016,NA,193
L,2016,NA,194
L,2016,NA,195
L,2016,NA,196
L,2016,NA,197
L,2016,NA,198
L,2016,NA,199
L,2016,NA,200
L,2016,NA,201
L,2016,NA,202
L,2016,NA,203
L,2016,NA,204
L,2016,NA,205
L,2016,NA,206
L,2016,NA,207
L,2016,NA,208
L,2016,NA,209
L,2016,NA,210
L,2016,NA,211
L,2016,NA,212
L,2016,NA,213
L,2016,NA,214
L,2016,NA,215
L,2016,NA,216
L,2016,NA,217
L,2016,NA,218
L,2016,NA,219
L,2016,NA,220
L,2016,NA,221
L,2016,NA,222
L,2016,NA,223
L,2016,NA,224
L,2016,NA,225
T,2016,NA,141
T,2016,NA,142
T,2016,NA,143
T,2016,NA,144
T,2016,NA,145
T,2016,NA,146
T,2016,NA,147
T,2016,NA,148
T,2016,NA,149
T,2016,NA,150
T,2016,NA,151
T,2016,NA,152
T,2016,NA,153
T,2016,NA,154
T,2016,NA,155
T,2016,NA,156
T,2016,NA,157
T,2016,NA,158
T,2016,NA,159
T,2016,NA,160
T,2016,NA,161
T,2016,NA,162
T,2016,NA,163
T,2016,NA,164
T,2016,NA,165
T,2016,NA,166
T,2016,NA,167
T,2016,NA,168
T,2016,NA,169
T,2016,NA,170
T,2016,NA,171
T,2016,NA,172
T,2016,NA,173
T,2016,NA,174
T,2016,NA,175
T,2016,NA,176
T,2016,NA,177
T,2016,NA,178
T,2016,NA,179
T,2016,NA,180
T,2016,NA,181
T,2016,NA,182
T,2016,NA,183
T,2016,NA,184
T,2016,NA,185
T,2016,NA,186
T,2016,NA,187
T,2016,NA,188
T,2016,NA,189
T,2016,NA,190
T,2016,NA,191
T,2016,NA,192
T,2016,NA,193
T,2016,NA,194
T,2016,NA,195
T,2016,NA,196
T,2016,NA,197
T,2016,NA,198
T,2016,NA,199
T,2016,NA,200
T,2016,NA,201
T,2016,NA,202
T,2016,NA,203
T,2016,NA,204
T,2016,NA,205
T,2016,NA,206
T,2016,NA,207
T,2016,NA,208
T,2016,NA,209
T,2016,NA,210
T,2016,NA,211
T,2016,NA,212
T,2016,NA,213
T,2016,NA,214
T,2016,NA,215
T,2016,NA,216
T,2016,NA,217
T,2016,NA,218
T,2016,NA,219
T,2016,NA,220
T,2016,NA,221
T,2016,NA,222
T,2016,NA,223
T,2016,NA,224
T,2016,NA,225
L,2015,NA,129
L,2015,NA,130
L,2015,NA,131
L,2015,NA,132
L,2015,NA,133
L,2015,NA,134
L,2015,NA,135
L,2015,NA,136
L,2015,NA,137
L,2015,NA,138
L,2015,NA,139
L,2015,NA,140
L,2015,NA,141
L,2015,NA,142
L,2015,NA,143
L,2015,NA,144
L,2015,1.915112004,145
L,2015,1.997015299,146
L,2015,2.149711269,147
L,2015,1.983223991,148
L,2015,2.883303172,149
L,2015,2.598186865,150
L,2015,2.014973091,151
L,2015,2.275143677,152
L,2015,2.026937654,153
L,2015,2.240091418,154
L,2015,2.025283729,155
L,2015,2.400724663,156
L,2015,2.037574384,157
L,2015,1.882986762,158
L,2015,2.054229368,159
L,2015,1.687081518,160
L,2015,1.823133452,161
L,2015,1.803911952,162
L,2015,1.627727904,163
L,2015,1.931329851,164
L,2015,2.054298184,165
L,2015,2.369903794,166
L,2015,1.593320011,167
L,2015,2.490896801,168
L,2015,1.665811184,169
L,2015,1.73118618,170
L,2015,2.160815635,171
L,2015,2.511228737,172
L,2015,2.157453045,173
L,2015,2.071120515,174
L,2015,1.643837053,175
L,2015,2.275831834,176
L,2015,1.94177812,177
L,2015,1.666358583,178
L,2015,1.736425563,179
L,2015,2.033537713,180
L,2015,2.26641893,181
L,2015,1.948224908,182
L,2015,2.530730192,183
L,2015,1.868270351,184
L,2015,1.714920631,185
L,2015,1.596604401,186
L,2015,2.070885916,187
L,2015,2.18153857,188
L,2015,2.085725884,189
L,2015,2.211205211,190
L,2015,2.082671401,191
L,2015,1.721537112,192
L,2015,1.736972962,193
L,2015,2.34122247,194
L,2015,1.824087489,195
L,2015,1.943733114,196
L,2015,1.68645592,197
L,2015,2.203199902,198
L,2015,2.226816228,199
L,2015,1.686846919,200
L,2015,1.631872491,201
L,2015,1.55554953,202
L,2015,2.090201256,203
L,2015,1.921488412,204
L,2015,1.851535603,205
L,2015,1.139761431,206
L,2015,1.5649335,207
L,2015,1.530837625,208
L,2015,1.547182156,209
L,2015,1.994093757,210
L,2015,1.933723546,211
L,2015,2.029127247,212
L,2015,2.03139504,213
L,2015,2.384921275,214
L,2015,2.112836175,215
L,2015,2.356767017,216
L,2015,2.375082964,217
L,2015,2.085352871,218
L,2015,2.248164761,219
L,2015,2.357957217,220
L,2015,2.428806195,221
L,2015,1.906054908,222
L,2015,2.480534552,223
L,2015,2.144862885,224
L,2015,1.830107306,225
L,2015,2.385014333,226
L,2015,2.190609741,227
L,2015,2.13023953,228
L,2015,2.876186995,229
L,2015,2.3904195,230
L,2015,2.583563511,231
L,2015,2.946253975,232
L,2015,2.544307234,233
L,2015,2.628997569,234
L,2015,2.859765046,235
L,2015,3.158097112,236
L,2015,3.380575416,237
L,2015,2.72119508,238
L,2015,3.354378498,239
L,2015,3.246775634,240
L,2015,3.009986776,241
L,2015,2.595840873,242
L,2015,2.151275264,243
L,2015,2.135713513,244
L,2015,2.599047062,245
L,2015,2.901601915,246
L,2015,NA,247
T,2015,NA,129
T,2015,NA,130
T,2015,NA,131
T,2015,NA,132
T,2015,NA,133
T,2015,NA,134
T,2015,NA,135
T,2015,NA,136
T,2015,NA,137
T,2015,NA,138
T,2015,NA,139
T,2015,NA,140
T,2015,NA,141
T,2015,NA,142
T,2015,NA,143
T,2015,NA,144
T,2015,6.70414321,145
T,2015,6.575295037,146
T,2015,7.058700899,147
T,2015,5.652903901,148
T,2015,6.361002684,149
T,2015,6.236508674,150
T,2015,5.54131285,151
T,2015,5.020424281,152
T,2015,5.951079567,153
T,2015,7.580831281,154
T,2015,9.67312047,155
T,2015,9.677884399,156
T,2015,9.865551299,157
T,2015,11.39033314,158
T,2015,12.21112637,159
T,2015,12.02070996,160
T,2015,11.24073286,161
T,2015,9.818292059,162
T,2015,9.861223725,163
T,2015,10.13140466,164
T,2015,11.36796957,165
T,2015,12.1472794,166
T,2015,11.96761233,167
T,2015,13.39538346,168
T,2015,12.31364625,169
T,2015,11.90653832,170
T,2015,12.09163714,171
T,2015,13.97828443,172
T,2015,13.98414942,173
T,2015,14.57260257,174
T,2015,8.857999066,175
T,2015,14.63678268,176
T,2015,8.820541383,177
T,2015,7.177877326,178
T,2015,7.187261297,179
T,2015,10.56431069,180
T,2015,11.42691733,181
T,2015,10.44295405,182
T,2015,8.448224529,183
T,2015,12.2018988,184
T,2015,7.403170821,185
T,2015,6.980579344,186
T,2015,11.74583782,187
T,2015,10.78624863,188
T,2015,8.506897023,189
T,2015,8.079141234,190
T,2015,7.026181531,191
T,2015,8.317419016,192
T,2015,8.658276891,193
T,2015,8.053636384,194
T,2015,9.189018629,195
T,2015,7.827404493,196
T,2015,7.664983601,197
T,2015,7.546432772,198
T,2015,7.646528459,199
T,2015,7.707680667,200
T,2015,7.59820101,201
T,2015,7.478320786,202
T,2015,7.421078565,203
T,2015,7.14591865,204
T,2015,7.888713101,205
T,2015,8.181883983,206
T,2015,6.868910094,207
T,2015,6.456321147,208
T,2015,5.681525011,209
T,2015,6.431226064,210
T,2015,5.086112076,211
T,2015,5.00806872,212
T,2015,6.381021821,213
T,2015,9.005224963,214
T,2015,7.635659475,215
T,2015,11.2013298,216
T,2015,8.205422109,217
T,2015,11.3075282,218
T,2015,11.29626743,219
T,2015,14.13890673,220
T,2015,16.73818839,221
T,2015,14.5883911,222
T,2015,20.06626206,223
T,2015,14.55735362,224
T,2015,18.15768208,225
T,2015,29.22098071,226
T,2015,26.63319441,227
T,2015,29.75492864,228
T,2015,27.59997799,229
T,2015,26.76890931,230
T,2015,33.21135782,231
T,2015,34.64272613,232
T,2015,34.39514571,233
T,2015,55.92823029,234
T,2015,58.19516299,235
T,2015,47.11277189,236
T,2015,49.84702633,237
T,2015,67.74053791,238
T,2015,50.54323875,239
T,2015,74.65910484,240
T,2015,65.50128792,241
T,2015,56.594414,242
T,2015,44.21734776,243
T,2015,57.16832201,244
T,2015,64.93903168,245
T,2015,57.97182449,246
T,2015,NA,247
L,2014,NA,136
L,2014,NA,137
L,2014,NA,138
L,2014,NA,139
L,2014,NA,140
L,2014,NA,141
L,2014,NA,142
L,2014,NA,143
L,2014,NA,144
L,2014,NA,145
L,2014,2.161315247,146
L,2014,2.768861997,147
L,2014,2.146061946,148
L,2014,0.716784518,149
L,2014,1.420108212,150
L,2014,1.066093737,151
L,2014,1.578242721,152
L,2014,2.156575521,153
L,2014,1.922605389,154
L,2014,1.78360214,155
L,2014,1.081347038,156
L,2014,1.967934409,157
L,2014,1.727328661,158
L,2014,1.84504623,159
L,2014,1.889858189,160
L,2014,1.859265409,161
L,2014,1.33961904,162
L,2014,1.809972254,163
L,2014,2.163038784,164
L,2014,2.244820609,165
L,2014,2.006369282,166
L,2014,2.084617856,167
L,2014,1.500338854,168
L,2014,1.649941855,169
L,2014,1.947941382,170
L,2014,1.933549849,171
L,2014,2.130636291,172
L,2014,1.570486805,173
L,2014,2.089012875,174
L,2014,2.276792218,175
L,2014,2.248267683,176
L,2014,1.779034767,177
L,2014,1.487843211,178
L,2014,1.511024783,179
L,2014,2.477756618,180
L,2014,2.261625094,181
L,2014,2.310918248,182
L,2014,2.444233826,183
L,2014,1.751027293,184
L,2014,2.040753843,185
L,2014,2.42691228,186
L,2014,1.951905516,187
L,2014,2.086341393,188
L,2014,3.703794578,189
L,2014,2.645542934,190
L,2014,2.635718773,191
L,2014,3.013345704,192
L,2014,2.312727962,193
L,2014,2.379170309,194
L,2014,2.173207652,195
L,2014,2.562468456,196
L,2014,2.179326208,197
L,2014,1.786015092,198
L,2014,1.883308749,199
L,2014,1.813160798,200
L,2014,2.101853225,201
L,2014,1.815056688,202
L,2014,2.349525475,203
L,2014,1.839530912,204
L,2014,2.278860462,205
L,2014,2.654677679,206
L,2014,2.495509048,207
L,2014,3.100901377,208
L,2014,2.689493124,209
L,2014,2.512830594,210
L,2014,1.784808616,211
L,2014,1.816004633,212
L,2014,2.204145139,213
L,2014,1.598838987,214
L,2014,1.574106232,215
L,2014,1.673726664,216
L,2014,1.628311467,217
L,2014,1.395806342,218
L,2014,1.579276843,219
L,2014,1.244479804,220
L,2014,1.626501753,221
L,2014,1.792219824,222
L,2014,2.648086012,223
L,2014,2.316431843,224
L,2014,1.819537884,225
L,2014,1.658559539,226
L,2014,1.941391941,227
L,2014,2.147526952,228
L,2014,2.391838305,229
L,2014,2.841250546,230
L,2014,2.953281305,231
L,2014,2.909547419,232
L,2014,2.908468485,233
L,2014,6.359937263,234
L,2014,2.293855233,235
L,2014,3.351245109,236
L,2014,3.132872986,237
L,2014,2.52877331,238
L,2014,2.468621873,239
L,2014,1.880206382,240
L,2014,1.949406388,241
L,2014,NA,242
L,2014,NA,243
L,2014,NA,244
L,2014,NA,245
L,2014,NA,246
L,2014,NA,247
L,2014,NA,248
L,2014,NA,249
L,2014,NA,250
T,2014,NA,136
T,2014,NA,137
T,2014,NA,138
T,2014,NA,139
T,2014,NA,140
T,2014,NA,141
T,2014,NA,142
T,2014,NA,143
T,2014,NA,144
T,2014,NA,145
T,2014,4.576766007,146
T,2014,4.835296539,147
T,2014,6.043754423,148
T,2014,1.776621816,149
T,2014,3.852191103,150
T,2014,3.752484495,151
T,2014,4.601929646,152
T,2014,8.948344949,153
T,2014,10.91369405,154
T,2014,8.728680174,155
T,2014,10.32941505,156
T,2014,8.896638843,157
T,2014,9.819937549,158
T,2014,12.06510287,159
T,2014,10.64887261,160
T,2014,7.455158774,161
T,2014,9.533916604,162
T,2014,10.71936527,163
T,2014,11.49616334,164
T,2014,12.76753032,165
T,2014,13.12180333,166
T,2014,12.01925678,167
T,2014,12.68773056,168
T,2014,13.73684746,169
T,2014,14.83353398,170
T,2014,14.07129979,171
T,2014,16.88161285,172
T,2014,13.58827858,173
T,2014,13.49563848,174
T,2014,14.49632399,175
T,2014,12.07940822,176
T,2014,8.928351922,177
T,2014,5.127953102,178
T,2014,13.58767535,179
T,2014,11.31631227,180
T,2014,10.59475355,181
T,2014,11.57139573,182
T,2014,10.4393767,183
T,2014,11.48203034,184
T,2014,12.14481645,185
T,2014,10.20850894,186
T,2014,15.85990019,187
T,2014,16.34610994,188
T,2014,9.626384358,189
T,2014,19.81326291,190
T,2014,9.927661547,191
T,2014,11.50536613,192
T,2014,10.88064833,193
T,2014,10.95013853,194
T,2014,10.83462595,195
T,2014,11.86941031,196
T,2014,10.88039286,197
T,2014,13.83776055,198
T,2014,11.80665851,199
T,2014,12.37206478,200
T,2014,8.473510539,201
T,2014,11.73442231,202
T,2014,6.581153222,203
T,2014,7.654141106,204
T,2014,16.43487209,205
T,2014,14.51097405,206
T,2014,14.14997925,207
T,2014,13.76476876,208
T,2014,15.83189272,209
T,2014,13.01701228,210
T,2014,9.670593079,211
T,2014,9.22083613,212
T,2014,9.882588115,213
T,2014,9.073904611,214
T,2014,8.315893091,215
T,2014,7.758845972,216
T,2014,10.49961432,217
T,2014,10.44359937,218
T,2014,11.33811501,219
T,2014,11.07070826,220
T,2014,11.07923977,221
T,2014,12.06044932,222
T,2014,15.86624108,223
T,2014,18.08747423,224
T,2014,11.65205725,225
T,2014,12.28175145,226
T,2014,9.76176818,227
T,2014,11.03658223,228
T,2014,12.03649215,229
T,2014,13.0340753,230
T,2014,19.53672314,231
T,2014,15.4638926,232
T,2014,11.69040595,233
T,2014,17.89229488,234
T,2014,20.37780741,235
T,2014,18.26837063,236
T,2014,16.12067132,237
T,2014,16.18978515,238
T,2014,16.0284621,239
T,2014,16.39712664,240
T,2014,16.39479986,241
T,2014,NA,242
T,2014,NA,243
T,2014,NA,244
T,2014,NA,245
T,2014,NA,246
T,2014,NA,247
T,2014,NA,248
T,2014,NA,249
T,2014,NA,250
L,2013,NA,137
L,2013,NA,138
L,2013,NA,139
L,2013,NA,140
L,2013,NA,141
L,2013,NA,142
L,2013,NA,143
L,2013,3.745475445,144
L,2013,NA,145
L,2013,NA,146
L,2013,1.751687982,147
L,2013,2.141552024,148
L,2013,11.98771606,149
L,2013,1.946677454,150
L,2013,1.208716414,151
L,2013,1.510794978,152
L,2013,6.319233067,153
L,2013,1.810977651,154
L,2013,2.302472918,155
L,2013,3.405881228,156
L,2013,3.096563809,157
L,2013,3.105238945,158
L,2013,1.801555649,159
L,2013,3.330217959,160
L,2013,2.457935944,161
L,2013,1.77403651,162
L,2013,2.163613296,163
L,2013,2.03572686,164
L,2013,1.618918191,165
L,2013,2.953912407,166
L,2013,2.158385235,167
L,2013,2.662404869,168
L,2013,1.942081356,169
L,2013,2.033658616,170
L,2013,1.586688052,171
L,2013,2.871125186,172
L,2013,2.449375711,173
L,2013,1.73244182,174
L,2013,1.787652452,175
L,2013,2.285122646,176
L,2013,1.260020362,177
L,2013,1.630982949,178
L,2013,2.282077731,179
L,2013,2.354753536,180
L,2013,1.67682903,181
L,2013,1.717274696,182
L,2013,2.35211078,183
L,2013,1.753095537,184
L,2013,1.716929988,185
L,2013,2.476205435,186
L,2013,2.03480764,187
L,2013,2.29649799,188
L,2013,2.363083965,189
L,2013,2.986717059,190
L,2013,2.938860185,191
L,2013,1.909391607,192
L,2013,1.710035841,193
L,2013,1.446219796,194
L,2013,2.195268924,195
L,2013,1.72169844,196
L,2013,1.453286297,197
L,2013,1.673152152,198
L,2013,2.182055141,199
L,2013,2.704516621,200
L,2013,2.798162124,201
L,2013,2.690038911,202
L,2013,2.726175734,203
L,2013,3.62046157,204
L,2013,2.389281725,205
L,2013,2.540263556,206
L,2013,3.432366245,207
L,2013,3.834122692,208
L,2013,4.076854135,209
L,2013,3.046523789,210
L,2013,4.056458949,211
L,2013,4.185724215,212
L,2013,1.96046575,213
L,2013,2.567840146,214
L,2013,1.913585546,215
L,2013,1.54831063,216
L,2013,3.287014635,217
L,2013,3.329183837,218
L,2013,4.72668499,219
L,2013,2.302875076,220
L,2013,2.217789806,221
L,2013,2.063992865,222
L,2013,1.647299098,223
L,2013,1.130410388,224
L,2013,1.670222139,225
L,2013,1.979999167,226
L,2013,1.795006209,227
L,2013,1.385608749,228
L,2013,1.015220673,229
L,2013,1.603521262,230
L,2013,1.939553502,231
L,2013,1.256630739,232
L,2013,1.532224286,233
L,2013,1.437314855,234
L,2013,1.28983755,235
L,2013,1.429731293,236
L,2013,1.412898083,237
L,2013,2.731633601,238
L,2013,2.289144233,239
L,2013,0.895262507,240
L,2013,2.234680467,241
L,2013,2.98723412,242
L,2013,1.923352255,243
L,2013,2.789372086,244
L,2013,NA,245
L,2013,NA,246
L,2013,NA,247
L,2013,NA,248
L,2013,NA,249
T,2013,NA,137
T,2013,NA,138
T,2013,NA,139
T,2013,NA,140
T,2013,NA,141
T,2013,NA,142
T,2013,NA,143
T,2013,8.927863586,144
T,2013,NA,145
T,2013,NA,146
T,2013,6.403399118,147
T,2013,7.726156222,148
T,2013,8.722245636,149
T,2013,5.087651064,150
T,2013,5.403805179,151
T,2013,6.207030816,152
T,2013,9.472903399,153
T,2013,7.984399498,154
T,2013,7.770680925,155
T,2013,9.920563378,156
T,2013,11.34161953,157
T,2013,11.6694937,158
T,2013,7.180829153,159
T,2013,7.184620935,160
T,2013,5.680317946,161
T,2013,5.337046851,162
T,2013,5.011987795,163
T,2013,4.901336728,164
T,2013,5.134761072,165
T,2013,7.891098702,166
T,2013,7.356572464,167
T,2013,7.625329315,168
T,2013,6.685599557,169
T,2013,6.087245003,170
T,2013,5.274482462,171
T,2013,6.795159051,172
T,2013,6.978141216,173
T,2013,8.915626474,174
T,2013,11.72694493,175
T,2013,9.552013741,176
T,2013,7.07605,177
T,2013,4.600751896,178
T,2013,4.69209935,179
T,2013,5.050020509,180
T,2013,5.809755566,181
T,2013,7.01663354,182
T,2013,6.582244795,183
T,2013,5.966252714,184
T,2013,4.332282301,185
T,2013,4.780689146,186
T,2013,4.123159826,187
T,2013,4.82481169,188
T,2013,6.791539624,189
T,2013,8.047423497,190
T,2013,10.93118795,191
T,2013,10.31806843,192
T,2013,8.978650473,193
T,2013,9.718507404,194
T,2013,10.75624896,195
T,2013,7.664970663,196
T,2013,6.493137938,197
T,2013,5.54823757,198
T,2013,6.591494443,199
T,2013,8.49669211,200
T,2013,8.168243432,201
T,2013,11.72125726,202
T,2013,9.457046859,203
T,2013,12.33627267,204
T,2013,13.50649676,205
T,2013,12.20557112,206
T,2013,13.50873736,207
T,2013,18.06214944,208
T,2013,18.24220159,209
T,2013,21.4884833,210
T,2013,23.26366884,211
T,2013,20.73070159,212
T,2013,17.79006042,213
T,2013,22.24396697,214
T,2013,21.30383505,215
T,2013,18.53508796,216
T,2013,21.81032509,217
T,2013,30.52274657,218
T,2013,23.71810806,219
T,2013,22.85582256,220
T,2013,14.2959341,221
T,2013,14.50413736,222
T,2013,20.40041447,223
T,2013,22.38926113,224
T,2013,16.05646957,225
T,2013,28.84620479,226
T,2013,16.57467966,227
T,2013,18.56323906,228
T,2013,21.27510944,229
T,2013,22.19806344,230
T,2013,18.83343219,231
T,2013,22.25074622,232
T,2013,21.64699125,233
T,2013,15.68108324,234
T,2013,15.31735951,235
T,2013,16.26944128,236
T,2013,15.93582199,237
T,2013,19.53157953,238
T,2013,15.12805771,239
T,2013,10.08901038,240
T,2013,11.80812352,241
T,2013,14.60168954,242
T,2013,11.41291651,243
T,2013,13.36861381,244
T,2013,NA,245
T,2013,NA,246
T,2013,NA,247
T,2013,NA,248
T,2013,NA,249
L,2011,3.30179,136
L,2011,2.88056,137
L,2011,3.28478,138
L,2011,3.13585,139
L,2011,3.20393,140
L,2011,2.92736,141
L,2011,2.85929,142
L,2011,3.8762,143
L,2011,3.80813,144
L,2011,3.03374,145
L,2011,2.84227,146
L,2011,2.66356,147
L,2011,2.59548,148
L,2011,2.35295,149
L,2011,2.65505,150
L,2011,2.18701,151
L,2011,2.24658,152
L,2011,2.05086,153
L,2011,1.59984,154
L,2011,1.55303,155
L,2011,1.95725,156
L,2011,1.6977,157
L,2011,2.19552,158
L,2011,1.30865,159
L,2011,2.23807,160
L,2011,2.47635,161
L,2011,1.89768,162
L,2011,1.17411,163
L,2011,1.519,164
L,2011,1.37951,165
L,2011,1.61686,166
L,2011,3.15713,167
L,2011,1.82535,168
L,2011,2.4338,169
L,2011,3.52305,170
L,2011,3.38264,171
L,2011,3.05927,172
L,2011,2.23807,173
L,2011,3.76558,174
L,2011,3.07203,175
L,2011,2.13595,176
L,2011,1.519,177
L,2011,3.11458,178
L,2011,3.14862,179
L,2011,2.11468,180
L,2011,2.27637,181
L,2011,1.81684,182
L,2011,1.89768,183
L,2011,1.77003,184
L,2011,1.75727,185
L,2011,1.97001,186
L,2011,1.66366,187
L,2011,2.45082,188
L,2011,1.59558,189
L,2011,2.94864,190
L,2011,2.68484,191
L,2011,2.49337,192
L,2011,2.43805,193
L,2011,2.3487,194
L,2011,2.81674,195
L,2011,1.88066,196
L,2011,1.95299,197
L,2011,2.03809,198
L,2011,2.36997,199
L,2011,2.06362,200
L,2011,1.33107,201
L,2011,2.00831,202
L,2011,1.94448,203
L,2011,2.96566,204
L,2011,2.23807,205
L,2011,3.16564,206
L,2011,2.09341,207
L,2011,3.48901,208
L,2011,2.50188,209
L,2011,2.40401,210
L,2011,1.81684,211
L,2011,2.33593,212
L,2011,3.37413,213
L,2011,4.36552,214
L,2011,2.83376,215
L,2011,2.70611,216
L,2011,2.93162,217
L,2011,1.96576,218
L,2011,3.24223,219
L,2011,2.94864,220
L,2011,5.23351,221
L,2011,4.00385,222
L,2011,3.4805,223
L,2011,4.59528,224
L,2011,3.48476,225
L,2011,4.33148,226
L,2011,3.68048,227
L,2011,3.34434,228
L,2011,3.4805,229
L,2011,3.76558,230
L,2011,4.45487,231
L,2011,5.03779,232
L,2011,5.0463,233
L,2011,5.21224,234
L,2011,5.46753,235
L,2011,4.46338,236
L,2011,3.98258,237
L,2011,4.57826,238
L,2011,3.39966,239
L,2011,2.46784,240
L,2011,2.42529,241
L,2011,2.88907,242
L,2011,3.59113,243
L,2011,3.09331,244
L,2011,3.54007,245
L,2011,3.51879,246
L,2011,NA,134
L,2011,NA,135
L,2010,11.04429823,138
L,2010,5.308493571,145
L,2010,5.546565324,152
L,2010,13.15959661,159
L,2010,17.83766031,166
L,2010,2.932841391,173
L,2010,5.176794303,180
L,2010,3.505226671,187
L,2010,2.588397151,194
L,2010,3.44950775,201
L,2010,3.515357384,208
L,2010,6.438068061,215
L,2010,3.484965245,222
L,2010,5.242643937,229
L,2010,4.558820814,236
L,2009,3.221566709,139
L,2009,2.537743587,146
L,2009,3.10506351,153
L,2009,3.474834532,160
L,2009,2.902449252,167
L,2009,2.406044319,174
L,2009,2.927776034,181
L,2009,2.390848249,188
L,2009,2.319933259,195
L,2009,4.183984436,202
L,2009,3.246893491,209
L,2009,3.479899888,216
L,2009,2.5478743,223
L,2009,2.942972104,230
L,2009,4.275160853,237
L,2008,3.617636656,136
L,2008,3.739949469,141
L,2008,3.676933387,148
L,2008,6.915055793,155
L,2008,11.09841038,162
L,2008,8.158831412,169
L,2008,7.398940251,176
L,2008,6.65782177,183
L,2008,5.881075897,190
L,2008,4.378022194,197
L,2008,5.613754265,204
L,2008,5.73480557,211
L,2008,6.213966986,218
L,2008,5.079111002,225
L,2008,4.680650457,232
L,2007,1.47,142
L,2007,2.29,148
L,2007,3.46,155
L,2007,3.02,162
L,2007,2.56,169
L,2007,3.14,176
L,2007,4.25,183
L,2007,5.57,190
L,2007,8.14,197
L,2007,6.01,204
L,2007,4.28,211
L,2007,4.14,218
L,2007,4.44,225
L,2007,3.96,232
L,2007,4.3,239
T,2007,9.22,151
T,2007,6.89,157
T,2007,3.59,165
T,2007,6.13,171
T,2007,2.82,179
T,2007,5.32,184
T,2007,5.33,193
T,2007,3.94,199
T,2007,4.3,206
T,2007,4.66,213
T,2007,5.84,221
T,2007,4.53,227
T,2007,10.38,235
L,2006,1.89,143
L,2006,0.97,149
L,2006,1.43,156
L,2006,4.18,163
L,2006,9.13,171
L,2006,3.39,177
L,2006,3.42,184
L,2006,2.07,191
L,2006,2.47,199
L,2006,2.43,205
L,2006,5.34,212
L,2006,6.33,219
L,2006,6.55,227
L,2006,3.73,233
L,2006,9.89,238
L,2005,1.37,144
L,2005,1.38,152
L,2005,2.56,158
L,2005,2.4,165
L,2005,2.49,172
L,2005,3.36,179
L,2005,2.35,185
L,2005,1.17,193
L,2005,2.35,200
L,2005,9.94,207
L,2005,0.01,214
L,2005,3.04,221
L,2005,3.5,227
L,2005,3.61,235
L,2004,4.87,146
L,2004,2.1,153
L,2004,1.89,159
L,2004,2.31,166
L,2004,1.57,173
L,2004,1.75,180
L,2004,2.16,188
L,2004,3.75,194
L,2004,2.02,201
L,2004,2.49,208
L,2004,3.78,215
L,2004,4.09,222
L,2004,2,229
L,2003,5.45,148
L,2003,6.34,154
L,2003,8.89,161
L,2003,0.7,168
L,2003,4.53,175
L,2003,7.68,182
L,2003,6.04,189
L,2003,9.31,196
L,2003,3.33,203
L,2003,2.23,210
L,2003,3.11,217
L,2003,3.13,224
L,2003,2.4,231
L,2003,5.22,238
L,2002,5.69,150
L,2002,22.74,156
L,2002,9.2,163
L,2002,5.29,170
L,2002,3.17,177
L,2002,2.43,184
L,2002,1.49,191
L,2002,3.31,198
L,2002,5.35,205
L,2002,4.04,212
L,2002,5.8,219
L,2002,4.6,226
L,2002,5.83,233
L,2002,3.25,240
T,2002,9.39,149
T,2002,13.97,155
T,2002,11.26,162
T,2002,7.79,169
T,2002,10.08,176
T,2002,3.96,183
T,2002,4.66,190
T,2002,3.53,197
T,2002,3.83,204
T,2002,4.73,211
T,2002,6.41,218
T,2002,5.09,225
T,2002,4.35,232
T,2002,7.51,239
T,2002,4.89,247
L,2001,5.83,148
L,2001,4.66,155
L,2001,4.58,162
L,2001,4.91,169
L,2001,1.56,176
L,2001,3.17,183
L,2001,3.6,190
L,2001,2.15,197
L,2001,3.75,204
L,2001,6.47,211
L,2001,3.85,218
L,2001,3.78,225
L,2001,2.86,232
L,2001,2.82,239
L,2000,3.72,145
L,2000,9.7,178
L,2000,4.78,206
L,2000,4.57,234
T,2000,14.29,147
T,2000,12.03,180
T,2000,6.86,208
T,2000,7.69,236
L,1999,5.34,144
L,1999,1.083,151
L,1999,4.355,158
L,1999,2.359,165
L,1999,2.773,172
L,1999,2.302,179
L,1999,2.693,186
L,1999,4.258,193
L,1999,2.563,200
L,1999,2.365,207
L,1999,2.172,214
L,1999,2.983,221
L,1999,3.272,228
L,1999,3.896,235
L,1999,2.722,241
T,1999,7.885,145
T,1999,8.052,152
T,1999,10.179,159
T,1999,5.774,166
T,1999,3.246,173
T,1999,6.074,180
T,1999,4.491,187
T,1999,8.928,194
T,1999,6.452,201
T,1999,1.599,208
T,1999,7.62,215
T,1999,9.984,222
T,1999,12.182,229
T,1999,8.51,236
T,1999,4.661,242
L,1998,2.783,145
L,1998,3.486,152
L,1998,3.58,159
L,1998,3.415,166
L,1998,3.036,173
L,1998,2.259,180
L,1998,2.806,187
L,1998,2.509,194
L,1998,3.161,201
L,1998,3.3,208
L,1998,3.058,215
L,1998,3.492,222
L,1998,3.372,229
L,1998,3.041,236
L,1998,3.319,241
T,1998,7.159,149
T,1998,3.907,176
T,1998,4.331,205
L,1997,4.099,146
L,1997,3.615,153
L,1997,2.819,160
L,1997,3.895,167
L,1997,3.566,174
L,1997,2.777,181
L,1997,2.931,188
L,1997,1.769,195
L,1997,1.873,202
L,1997,2.057,209
L,1997,2.619,216
L,1997,3.068,223
L,1997,2.481,230
L,1997,4.039,237
L,1997,17.254,244
T,1997,4.907,150
T,1997,3.397,164
T,1997,4.39,171
T,1997,2.598,178
T,1997,6.331,185
T,1997,4.409,192
T,1997,2.315,199
T,1997,3.406,206
T,1997,1.707,213
T,1997,2.19,220
T,1997,5.038,227
T,1997,5.978,234
T,1997,2.831,241
L,1996,3.227,148
L,1996,2.332,155
L,1996,2.295,162
L,1996,2.229,169
L,1996,3.84,176
L,1996,2.627,183
L,1996,2.258,190
L,1996,4.652,197
L,1996,2.724,204
L,1996,4.893,211
L,1996,4.6,218
L,1996,3.399,225
L,1996,3.83,232
L,1996,3.627,239
L,1996,3.608,246
T,1996,4.375,152
T,1996,6.532,180
T,1996,6.513,208
T,1996,7.047,236
L,1995,2.21,145
L,1995,1.56,152
L,1995,2.948,159
L,1995,2.976,166
L,1995,1.857,173
L,1995,2.967,180
L,1995,3.493,187
L,1995,2.926,194
L,1995,3.867,201
L,1995,2.912,208
L,1995,3.273,215
L,1995,5.034,222
L,1995,7.083,229
L,1995,6.298,236
L,1995,5.264,243
L,1995,4.939,248
T,1995,7.772,146
T,1995,6.363,160
T,1995,9.165,174
T,1995,5.559,188
T,1995,3.767,202
T,1995,3.193,216
T,1995,4.46,230
L,1994,2.599,137
L,1994,3.242,146
L,1994,3.353,153
L,1994,5.567,160
L,1994,3.438,167
L,1994,3.301,174
L,1994,5.84,181
L,1994,3.384,188
L,1994,3.875,195
L,1994,4.475,202
L,1994,3.392,209
L,1994,4.117,216
L,1994,4.093,223
L,1994,3.181,230
L,1994,2.765,237
L,1994,2.485,244
L,1994,3.19,249
T,1994,15.947,154
T,1994,5.403,168
T,1994,10.151,182
T,1994,8.023,196
T,1994,5.96,210
T,1994,6.484,224
T,1994,5.075,238
T,1994,6.069,245
L,1993,4.084,140
L,1993,3.249,147
L,1993,2.615,154
L,1993,2.42,161
L,1993,8.172,168
L,1993,2.72,175
L,1993,3.26,182
L,1993,2.147,189
L,1993,3.093,196
L,1993,2.787,203
L,1993,6.86,210
L,1993,3.609,217
L,1993,3.846,224
L,1993,4.764,231
L,1993,3.978,238
L,1993,7.755,243
L,1993,5.753,250
T,1993,9.863,148
T,1993,7.283,162
T,1993,2.638,176
T,1993,7.197,190
T,1993,3.593,204
T,1993,4.062,218
T,1993,4.256,232
T,1993,5.498,246
L,1992,3.568,142
L,1992,2.756,149
L,1992,3.28,156
L,1992,6.282,163
L,1992,6.654,170
L,1992,5.906,177
L,1992,3.161,184
L,1992,3.147,191
L,1992,2.391,198
L,1992,3.773,205
L,1992,2.655,212
L,1992,2.777,219
L,1992,3.478,226
L,1992,3.62,234
L,1992,6.196,240
L,1992,5.128,247
L,1992,6.366,254
L,1991,3.079,140
L,1991,6.124,147
L,1991,6.492,154
L,1991,4.84,161
L,1991,3.744,168
L,1991,3.159,175
L,1991,3.461,182
L,1991,3.192,189
L,1991,2.396,196
L,1991,2.934,203
L,1991,5.383,210
L,1991,4.379,217
L,1991,3.344,224
L,1991,5.522,231
L,1991,7.461,238
L,1991,8.408,245
T,1991,5.22,151
T,1991,5.915,158
T,1991,5.971,165
T,1991,6.422,172
T,1991,5.09,179
T,1991,5.343,186
T,1991,4.922,193
T,1991,3.314,200
T,1991,2.011,207
T,1991,2.117,214
T,1991,1.681,221
T,1991,2.015,228
T,1991,2.38,235
T,1991,3.458,242
T,1991,2.517,249
L,1990,5.09,141
L,1990,2.09,148
L,1990,2.82,155
L,1990,2.04,162
L,1990,5.76,169
L,1990,2.9,176
L,1990,3.43,183
L,1990,4.54,190
L,1990,3.08,197
L,1990,3.09,204
L,1990,3.74,211
L,1990,2.61,218
L,1990,2.85,225
L,1990,3.77,232
L,1990,3.66,238
L,1990,5.39,247
L,1990,6.49,253
T,1990,6.99,143
T,1990,4.2,150
T,1990,6.35,157
T,1990,11.11,164
T,1990,7.48,171
T,1990,6.97,178
T,1990,8.93,185
T,1990,5.36,192
T,1990,4.77,199
T,1990,4.7,206
T,1990,3.84,213
T,1990,5.47,220
T,1990,3.39,227
T,1990,4.02,234
T,1990,7.06,240
T,1990,5.89,248
T,1990,7.26,253
L,1989,2.49,142
L,1989,3.09,149
L,1989,4.39,156
L,1989,6.86,163
L,1989,4.22,170
L,1989,3.84,177
L,1989,2.97,191
L,1989,2.52,198
L,1989,2.19,205
L,1989,5.54,212
L,1989,4.76,219
L,1989,5.22,226
L,1989,5.69,233
L,1989,4.84,240
L,1989,7.52,248
T,1989,7.39,144
T,1989,15.18,151
T,1989,5.66,158
T,1989,13.29,165
T,1989,4.08,172
T,1989,5.46,179
T,1989,3.69,186
T,1989,7.25,193
T,1989,5.16,200
T,1989,3.17,207
T,1989,5.57,214
T,1989,3.8,221
T,1989,7.41,228
T,1989,7.18,235
T,1989,6.2,242
T,1989,10.31,249
L,1988,4.32,144
L,1988,9.56,151
L,1988,4.9,158
L,1988,4.36,165
L,1988,1.97,172
L,1988,3.3,179
L,1988,1.89,186
L,1988,4.34,193
L,1988,5.39,200
L,1988,5.39,207
L,1988,4.58,214
L,1988,5.8,221
L,1988,5.48,228
L,1988,7.7,235
L,1988,8.51,242
L,1988,6.94,249
T,1988,9.49,146
T,1988,10.21,153
T,1988,3.2,160
T,1988,2.45,167
T,1988,3.29,174
T,1988,4.37,181
T,1988,3.75,188
T,1988,3.71,195
T,1988,3.36,202
T,1988,3.36,209
T,1988,3.94,216
T,1988,5.44,223
T,1988,5.13,230
T,1988,11.43,237
T,1988,10.09,244
T,1988,15.62,250
L,1987,3.137,145
L,1987,1.7111,152
L,1987,2.0254,159
L,1987,1.327,166
L,1987,2.5084,173
L,1987,1.2047,180
L,1987,3.0322,187
L,1987,3.7655,194
L,1987,2.3047,201
L,1987,2.3746,208
L,1987,3.4163,215
L,1987,4.429,222
L,1987,4.3243,229
L,1987,2.1301,236
L,1987,0.9778,243
L,1987,1.327,250
T,1987,4.1846,147
T,1987,4.3243,154
T,1987,4.429,161
T,1987,1.0825,168
T,1987,2.2698,175
T,1987,3.4513,182
T,1987,2.8925,189
T,1987,3.6259,196
T,1987,1.7867,203
T,1987,1.9206,210
T,1987,8.6427,217
T,1987,3.4513,224
T,1987,6.6814,231
T,1987,3.5909,238
T,1987,1.1989,245
T,1987,1.7285,252
L,1986,1.91,146
L,1986,3.24,153
L,1986,5.93,160
L,1986,5.21,167
L,1986,6.84,174
L,1986,3.59,181
L,1986,4.24,188
L,1986,7.69,195
L,1986,8.28,202
L,1986,7.76,209
L,1986,5.28,216
L,1986,5.54,223
L,1986,4.04,230
L,1986,6.78,237
L,1986,4.5,244
T,1986,3.65,148
T,1986,5.61,155
T,1986,9.13,162
T,1986,7.82,169
T,1986,4.04,176
T,1986,3.45,183
T,1986,5.67,190
T,1986,5.02,197
T,1986,3.57,204
T,1986,3.39,211
T,1986,5.87,218
T,1986,4.43,225
T,1986,4.62,232
T,1986,8.8,239
T,1986,6.32,246
L,1985,4.35,140
L,1985,3.07,147
L,1985,4.96,154
L,1985,3.37,161
L,1985,3.43,168
L,1985,4.42,175
L,1985,1.65,182
L,1985,2.48,189
L,1985,2.21,196
L,1985,1.78,203
L,1985,2.95,210
L,1985,3.3,217
L,1985,2.13,224
L,1985,8.53,231
L,1985,2.29,238
L,1985,4.95,245
L,1985,3.93,259
T,1985,10.88,142
T,1985,7.39,149
T,1985,9.77,156
T,1985,6.46,163
T,1985,8.46,170
T,1985,5.5,177
T,1985,4.69,184
T,1985,6.87,191
T,1985,4.62,198
T,1985,6.05,205
T,1985,8.84,212
T,1985,6.12,219
T,1985,4.79,226
T,1985,3.76,233
T,1985,1.63,240
T,1985,4.03,247
T,1985,1.9,261
L,1984,1.78,155
L,1984,3.05,162
L,1984,10.04,169
L,1984,5.78,176
L,1984,1.91,183
L,1984,3.26,190
L,1984,1.51,197
L,1984,1.92,204
L,1984,2.28,211
L,1984,4.67,218
L,1984,3.35,225
L,1984,3.85,232
T,1984,9.65,157
T,1984,8.92,164
T,1984,9.42,171
T,1984,9.38,178
T,1984,13.8,185
T,1984,12.86,192
T,1984,7.18,199
T,1984,7.18,206
T,1984,16.4,213
T,1984,16.4,220
T,1984,11.7,227
T,1984,15.03,234